"buyer_id","service_id","status","quantity","buy_date"
"768","985","off","1","2021-06-10"
"380","165","off","1","2019-11-21"
"691","96","off","1","2020-07-07"
"105","372","off","1","2019-03-21"
"228","123","off","1","2019-02-14"
"515","629","off","3","2020-04-06"
"959","852","off","1","2020-09-12"
"390","734","off","1","2021-04-24"
"80","877","off","1","2020-07-23"
"222","736","off","2","2020-08-04"
"770","558","off","1","2019-10-31"
"589","22","off","2","2020-05-23"
"277","773","off","2","2021-05-16"
"784","701","off","1","2020-07-22"
"567","219","off","2","2020-12-26"
"742","588","off","1","2021-03-21"
"39","450","off","1","2020-04-20"
"764","489","off","1","2021-01-25"
"66","537","off","1","2019-08-14"
"626","303","off","2","2019-04-06"
"560","195","off","2","2021-04-06"
"457","347","off","1","2021-05-01"
"398","768","off","1","2020-06-23"
"297","1122","off","1","2019-06-10"
"37","1009","off","1","2020-10-27"
"684","229","off","1","2021-04-09"
"896","124","on","1","2020-08-19"
"823","1101","off","1","2020-06-16"
"701","52","off","1","2021-05-26"
"926","1029","on","1","2021-01-12"
"515","376","off","2","2021-01-21"
"473","1015","off","1","2020-12-06"
"227","168","off","2","2021-01-05"
"628","106","off","3","2021-02-25"
"780","857","off","2","2020-08-18"
"880","852","off","1","2021-04-25"
"111","574","off","1","2020-08-28"
"736","500","off","1","2020-05-15"
"585","1168","off","2","2019-12-13"
"329","91","off","2","2019-03-22"
"393","806","off","2","2019-11-19"
"974","1177","off","1","2019-11-03"
"991","485","off","1","2021-05-12"
"314","17","off","1","2021-04-08"
"153","476","off","1","2021-03-07"
"877","644","off","1","2021-05-22"
"232","425","off","2","2021-05-04"
"205","394","off","1","2021-05-30"
"581","314","off","1","2021-04-14"
"693","1014","off","1","2021-03-07"
"379","499","off","1","2021-06-14"
"335","936","off","1","2020-12-26"
"767","547","off","1","2020-01-13"
"921","735","off","1","2019-08-20"
"802","330","off","1","2021-06-12"
"702","805","off","1","2019-03-09"
"679","1089","off","1","2019-08-03"
"472","1015","off","1","2021-04-14"
"372","1167","off","1","2018-04-23"
"917","587","off","1","2019-01-08"
"446","420","off","1","2021-03-29"
"520","909","off","2","2021-02-28"
"702","564","off","2","2021-04-26"
"489","92","off","1","2021-06-14"
"458","626","off","1","2020-08-19"
"995","1052","off","1","2021-03-20"
"43","1152","off","2","2020-07-29"
"197","1045","off","1","2020-08-06"
"885","488","off","1","2020-09-15"
"847","51","off","1","2021-03-28"
"838","133","off","3","2020-09-12"
"31","305","off","1","2020-11-29"
"484","281","off","2","2021-05-13"
"752","474","off","1","2020-09-20"
"486","932","off","1","2019-10-12"
"858","950","off","1","2019-05-23"
"107","552","off","1","2020-10-01"
"964","1097","off","1","2019-12-08"
"262","1179","off","1","2021-03-28"
"273","842","off","1","2020-08-20"
"646","182","off","1","2020-10-31"
"337","541","off","1","2020-04-02"
"19","951","off","1","2021-05-27"
"609","670","off","1","2021-03-29"
"335","137","off","2","2020-02-17"
"251","2","off","2","2019-02-03"
"296","1019","off","1","2019-03-25"
"745","341","off","1","2020-07-23"
"328","680","off","3","2019-05-24"
"860","26","off","1","2021-05-03"
"183","75","off","1","2021-06-10"
"323","349","off","1","2020-03-10"
"85","1046","off","1","2021-04-14"
"626","273","off","1","2019-10-04"
"83","626","off","2","2021-01-24"
"821","657","off","3","2018-10-11"
"6","1063","on","1","2020-08-06"
"937","241","off","1","2021-05-28"
"940","999","off","2","2021-05-31"
"964","811","off","1","2020-09-10"
"965","883","off","1","2020-10-24"
"727","1173","off","1","2019-07-10"
"691","518","off","1","2019-05-07"
"270","870","off","1","2020-06-09"
"372","381","off","1","2021-05-14"
"921","484","off","1","2021-01-25"
"28","645","off","3","2021-01-24"
"774","217","off","1","2021-03-02"
"559","1094","off","3","2020-08-31"
"846","1118","off","1","2021-02-12"
"243","621","off","1","2021-04-01"
"543","340","on","1","2021-01-26"
"960","754","off","2","2021-05-06"
"540","140","off","2","2019-07-16"
"349","843","off","1","2019-08-21"
"33","387","off","1","2021-06-12"
"290","824","off","1","2020-12-26"
"356","853","off","1","2021-06-11"
"86","573","off","1","2021-04-13"
"359","867","off","1","2021-03-10"
"329","824","off","1","2020-07-27"
"374","733","off","1","2020-07-07"
"543","17","off","2","2018-05-13"
"984","1130","off","1","2021-04-30"
"689","151","off","1","2021-02-15"
"264","201","off","2","2021-02-22"
"891","86","off","2","2020-04-25"
"325","589","off","3","2021-05-27"
"555","90","off","1","2018-08-09"
"245","383","off","2","2020-11-09"
"627","1105","off","1","2020-12-16"
"735","1105","off","1","2020-04-28"
"143","145","off","2","2020-07-21"
"257","330","off","1","2021-03-06"
"794","651","off","3","2021-01-23"
"315","11","off","1","2020-11-16"
"764","516","on","1","2021-05-09"
"871","27","off","1","2019-05-20"
"623","538","off","1","2021-04-04"
"539","1141","off","1","2021-03-09"
"339","125","off","2","2020-09-27"
"862","1185","off","1","2020-07-25"
"870","960","off","1","2020-04-23"
"898","879","off","2","2019-10-29"
"706","415","on","2","2020-10-25"
"187","497","off","2","2021-05-28"
"516","1123","off","1","2020-12-22"
"324","215","off","2","2019-02-23"
"451","386","off","1","2019-07-19"
"934","661","off","3","2018-10-14"
"695","553","off","3","2020-05-17"
"628","464","off","1","2020-06-13"
"490","35","off","1","2021-04-18"
"367","455","off","1","2021-06-09"
"594","628","off","1","2020-03-20"
"211","414","off","1","2021-05-15"
"928","661","off","1","2020-05-03"
"711","861","off","2","2018-08-13"
"873","68","off","1","2021-06-06"
"647","323","off","1","2021-03-02"
"89","34","off","1","2019-07-26"
"851","499","off","2","2021-06-03"
"547","1184","on","1","2020-09-15"
"319","417","off","2","2020-07-15"
"526","718","off","1","2021-04-11"
"363","688","off","1","2020-12-30"
"319","1100","off","1","2020-11-22"
"576","842","off","1","2020-12-13"
"950","344","off","1","2021-01-19"
"742","504","off","1","2020-10-02"
"340","842","off","1","2021-05-18"
"106","665","off","1","2018-07-13"
"78","315","off","1","2018-11-01"
"550","1046","off","3","2021-05-01"
"321","952","off","1","2021-03-09"
"721","695","off","3","2021-03-29"
"256","109","off","2","2021-03-06"
"91","247","on","2","2018-12-07"
"44","735","off","1","2019-11-12"
"424","422","off","1","2021-02-09"
"915","47","off","3","2019-12-31"
"169","1102","off","1","2018-10-31"
"844","150","off","2","2020-02-23"
"885","339","off","1","2020-03-31"
"369","1096","off","2","2019-12-10"
"70","1128","off","1","2020-05-21"
"127","961","off","1","2021-03-30"
"98","1","on","1","2020-12-03"
"22","870","off","1","2021-01-04"
"142","879","off","1","2021-01-22"
"273","81","off","1","2021-05-05"
"221","6","off","2","2020-02-26"
"944","160","off","1","2020-08-28"
"226","1162","off","1","2021-02-02"
"967","262","off","1","2020-03-15"
"891","805","off","1","2021-06-06"
"369","1007","off","1","2021-03-14"
"267","799","off","1","2019-04-17"
"842","329","off","1","2018-10-19"
"805","871","off","1","2020-04-19"
"644","144","off","1","2020-02-27"
"786","34","off","1","2020-01-05"
"53","458","off","1","2018-12-31"
"1000","1001","off","1","2019-04-25"
"610","1097","off","1","2019-06-20"
"886","882","off","2","2020-02-13"
"630","482","off","1","2021-05-22"
"638","580","off","1","2020-02-16"
"49","346","off","1","2020-05-27"
"107","1143","off","1","2021-02-05"
"887","294","off","1","2020-05-16"
"139","202","off","1","2019-07-04"
"872","698","off","2","2021-06-06"
"930","969","off","1","2020-04-05"
"371","868","off","1","2020-12-10"
"915","690","off","1","2020-02-21"
"909","415","off","1","2020-12-13"
"886","346","off","1","2021-01-30"
"280","83","off","2","2019-10-14"
"331","487","off","1","2021-05-27"
"671","749","off","1","2020-02-19"
"112","537","off","1","2019-10-09"
"520","329","off","1","2021-05-05"
"53","617","off","1","2018-01-18"
"699","391","off","1","2019-07-18"
"677","365","off","2","2021-05-24"
"472","78","off","1","2020-08-24"
"569","755","off","1","2021-01-07"
"517","167","off","2","2021-03-03"
"909","461","off","2","2020-05-14"
"410","1194","off","1","2019-01-08"
"223","165","off","1","2018-01-17"
"393","1174","off","1","2021-03-10"
"558","312","off","1","2020-08-24"
"18","626","off","1","2020-06-30"
"662","331","off","1","2021-05-10"
"216","183","off","2","2018-12-24"
"870","271","off","2","2021-02-16"
"259","18","off","1","2020-11-10"
"455","1088","off","2","2021-05-29"
"391","1124","off","1","2019-12-20"
"718","389","off","1","2021-01-13"
"875","622","off","1","2020-03-23"
"503","338","off","3","2021-05-12"
"235","442","off","2","2021-05-31"
"85","670","off","1","2021-02-01"
"67","380","off","1","2020-11-08"
"981","77","off","1","2021-03-22"
"905","741","off","2","2021-04-26"
"659","975","off","1","2020-12-13"
"880","24","off","1","2021-03-03"
"953","577","off","1","2021-03-20"
"824","766","off","1","2021-06-09"
"967","1025","off","2","2020-05-14"
"599","829","off","1","2021-03-27"
"689","513","off","1","2020-02-14"
"358","1187","off","1","2019-11-10"
"757","1007","off","1","2019-06-25"
"467","485","off","1","2021-06-14"
"225","1155","off","1","2020-06-06"
"587","890","off","2","2021-03-09"
"877","28","off","1","2021-04-18"
"853","756","off","1","2019-12-25"
"284","169","off","1","2020-10-02"
"278","576","off","1","2021-03-19"
"93","140","off","1","2019-12-11"
"429","329","off","1","2019-02-04"
"109","977","off","1","2020-06-15"
"230","1079","off","2","2021-03-30"
"620","560","off","2","2021-03-06"
"336","957","off","1","2020-06-20"
"261","116","off","1","2020-04-07"
"851","1039","off","1","2020-10-12"
"532","148","off","2","2021-01-11"
"875","201","off","1","2020-06-03"
"750","240","off","3","2020-06-24"
"128","724","off","1","2019-06-10"
"670","634","off","1","2021-05-28"
"429","977","on","1","2020-06-02"
"185","1176","off","2","2020-03-23"
"30","112","off","1","2020-09-24"
"837","209","off","1","2020-04-03"
"909","736","off","1","2020-09-23"
"639","475","off","2","2021-04-24"
"320","432","off","1","2021-06-04"
"50","58","off","1","2020-05-02"
"658","1042","off","2","2019-08-15"
"840","342","off","1","2019-10-17"
"422","1194","off","1","2018-07-15"
"260","805","off","1","2018-12-07"
"815","415","off","1","2020-06-26"
"91","484","off","1","2020-11-26"
"99","304","off","1","2018-09-11"
"653","148","off","1","2019-06-04"
"526","771","off","1","2019-07-31"
"706","144","off","2","2019-08-21"
"853","897","off","1","2019-09-15"
"912","582","off","1","2020-01-24"
"781","417","off","1","2019-05-12"
"522","607","off","1","2020-09-10"
"284","1081","off","2","2021-04-20"
"582","190","off","2","2021-04-22"
"742","1042","off","2","2021-02-03"
"701","986","off","2","2021-03-02"
"333","136","off","1","2019-08-02"
"1000","391","off","1","2020-09-06"
"665","415","off","1","2020-05-09"
"127","54","off","1","2021-01-25"
"219","458","off","1","2019-07-22"
"936","744","off","1","2021-04-15"
"569","143","off","2","2019-07-07"
"425","1020","off","1","2019-11-08"
"548","1087","off","1","2018-03-09"
"186","819","off","1","2020-07-10"
"607","140","off","1","2019-10-24"
"806","1185","off","1","2019-05-21"
"814","698","off","2","2020-11-09"
"329","177","off","1","2021-02-18"
"890","468","off","1","2020-08-10"
"865","1011","off","1","2021-03-19"
"594","571","off","1","2021-03-01"
"919","1037","off","1","2020-05-20"
"545","1065","off","2","2021-04-26"
"135","875","off","1","2021-04-17"
"193","97","off","3","2019-05-30"
"255","317","off","1","2021-04-04"
"107","523","off","1","2018-11-13"
"50","193","off","1","2021-04-17"
"336","147","off","2","2019-05-05"
"251","208","off","1","2021-05-28"
"765","219","off","1","2020-04-17"
"778","129","off","1","2021-01-27"
"711","681","on","1","2020-11-30"
"369","713","off","3","2021-03-04"
"863","139","off","1","2020-02-12"
"72","444","off","1","2021-04-03"
"971","310","off","1","2021-06-12"
"790","399","off","1","2019-10-03"
"270","77","off","1","2021-04-18"
"135","581","off","1","2020-08-04"
"939","114","off","2","2019-03-12"
"277","30","off","1","2020-01-17"
"314","312","off","1","2019-11-14"
"582","144","off","1","2019-09-18"
"829","727","off","1","2020-12-18"
"535","70","on","2","2021-03-11"
"178","238","off","2","2019-01-08"
"606","471","off","1","2020-07-15"
"764","1046","on","2","2021-06-11"
"509","76","off","3","2021-03-19"
"348","825","off","1","2019-04-12"
"628","331","off","1","2019-09-28"
"120","187","off","1","2019-11-21"
"558","662","off","2","2021-03-26"
"841","545","off","1","2019-04-01"
"966","630","off","1","2020-09-13"
"187","865","off","1","2020-08-20"
"470","580","off","1","2021-03-28"
"58","465","off","1","2020-10-19"
"189","990","off","2","2019-01-31"
"713","892","off","1","2021-04-10"
"715","236","off","1","2020-08-17"
"129","387","off","1","2021-05-02"
"753","683","off","1","2020-04-16"
"674","1152","off","3","2020-11-08"
"32","1030","off","1","2020-09-27"
"593","925","off","1","2019-01-02"
"320","472","off","1","2020-11-15"
"910","278","off","1","2020-01-28"
"356","350","off","3","2021-01-17"
"654","982","off","1","2020-07-29"
"89","838","off","1","2020-08-30"
"847","977","off","1","2021-04-07"
"586","304","off","1","2020-12-05"
"451","429","off","3","2021-05-09"
"981","602","off","1","2021-05-13"
"262","1105","off","1","2019-10-28"
"171","83","off","1","2018-09-28"
"875","1126","on","1","2021-03-19"
"51","214","off","1","2021-02-28"
"588","921","off","2","2021-04-25"
"202","62","off","1","2020-11-24"
"840","301","off","1","2020-09-02"
"913","222","off","1","2019-12-12"
"313","963","off","1","2021-04-29"
"340","303","off","1","2021-06-01"
"693","303","off","2","2021-02-20"
"393","285","off","2","2021-01-13"
"455","673","off","1","2018-08-25"
"353","604","off","1","2020-09-22"
"435","669","off","1","2020-12-25"
"826","66","off","1","2020-08-28"
"960","620","off","1","2021-05-09"
"495","871","off","3","2020-07-14"
"999","320","off","1","2020-04-09"
"274","225","off","1","2020-04-20"
"285","714","off","1","2020-06-09"
"248","1170","off","1","2019-08-31"
"216","108","off","1","2021-05-08"
"280","72","off","1","2020-02-23"
"836","409","off","1","2021-05-24"
"590","660","off","3","2021-05-07"
"56","861","off","1","2020-07-24"
"404","291","off","1","2019-09-21"
"120","990","off","1","2019-12-04"
"356","42","off","1","2020-09-17"
"641","776","off","1","2021-02-16"
"375","186","off","1","2020-07-27"
"809","140","off","1","2020-09-04"
"301","674","off","1","2020-08-18"
"58","191","off","1","2021-02-05"
"523","525","off","1","2020-07-14"
"963","762","off","2","2020-07-20"
"58","601","off","1","2018-10-02"
"261","186","off","2","2020-12-13"
"61","508","off","2","2020-09-18"
"119","425","off","1","2019-01-21"
"653","201","off","1","2020-08-25"
"163","1055","on","1","2019-09-18"
"503","305","off","1","2021-01-31"
"495","738","off","1","2021-05-31"
"476","557","off","1","2020-05-21"
"311","685","off","1","2020-07-22"
"882","293","off","1","2021-06-13"
"737","231","off","2","2021-05-14"
"218","686","off","1","2021-01-04"
"606","405","off","1","2020-12-15"
"21","189","off","1","2019-06-11"
"254","1164","on","1","2021-03-26"
"678","342","off","2","2020-11-29"
"962","272","off","1","2020-08-03"
"301","721","off","1","2021-05-18"
"940","743","off","1","2020-09-09"
"932","530","off","3","2020-10-31"
"963","108","off","1","2021-04-01"
"242","535","off","1","2021-03-08"
"63","1120","off","1","2021-05-17"
"801","31","off","1","2020-09-05"
"155","685","off","1","2020-12-29"
"434","719","off","1","2018-08-15"
"513","683","off","1","2020-07-23"
"181","227","off","1","2020-03-05"
"960","538","off","1","2021-06-11"
"241","220","off","1","2020-10-18"
"534","104","off","1","2020-09-08"
"49","185","off","1","2021-04-11"
"284","411","off","1","2020-09-11"
"993","370","off","1","2020-01-27"
"198","501","off","1","2021-02-04"
"406","692","off","1","2019-02-28"
"577","297","off","1","2021-04-25"
"832","358","off","1","2021-02-25"
"602","434","off","2","2021-04-30"
"609","335","off","2","2021-06-13"
"444","345","off","3","2021-02-25"
"198","192","off","1","2021-05-23"
"171","580","off","1","2020-01-13"
"212","329","off","1","2019-12-01"
"87","843","off","1","2020-05-21"
"178","103","off","1","2020-05-28"
"454","880","off","1","2021-06-10"
"64","951","off","2","2021-06-03"
"149","166","on","1","2021-01-09"
"734","144","off","1","2020-03-02"
"867","957","off","1","2019-11-30"
"998","1096","off","1","2020-08-16"
"137","415","off","1","2020-10-23"
"942","405","off","3","2021-04-06"
"934","517","off","2","2019-07-16"
"27","544","off","1","2020-08-25"
"521","1088","off","2","2021-05-24"
"79","1135","off","2","2018-03-24"
"397","1007","off","1","2020-12-24"
"226","783","off","1","2021-01-07"
"911","1055","off","1","2020-12-23"
"671","197","off","1","2021-03-19"
"611","944","off","1","2020-06-30"
"763","876","off","1","2019-11-14"
"405","1095","off","1","2020-11-18"
"189","1043","off","2","2020-09-08"
"500","718","off","1","2019-10-30"
"22","965","off","3","2021-03-11"
"365","108","off","1","2019-03-13"
"476","439","off","1","2018-12-16"
"860","997","off","1","2021-01-23"
"39","1059","off","1","2019-06-02"
"704","877","off","1","2021-01-05"
"801","420","off","1","2019-05-23"
"882","519","off","2","2019-03-09"
"653","908","off","1","2020-12-30"
"504","184","off","1","2021-02-10"
"802","637","off","2","2020-09-18"
"908","921","off","2","2020-08-12"
"461","207","off","1","2020-11-20"
"235","1099","off","1","2020-10-12"
"261","1168","off","1","2020-03-18"
"217","25","off","2","2020-02-21"
"955","369","off","2","2021-04-10"
"814","880","off","1","2021-05-31"
"501","1089","off","1","2020-11-28"
"865","150","off","1","2019-11-09"
"120","821","off","1","2020-08-07"
"172","338","off","1","2021-06-13"
"148","452","off","1","2021-06-09"
"931","671","off","1","2018-06-09"
"345","1189","off","1","2021-04-03"
"858","966","off","1","2021-02-02"
"854","511","on","1","2021-04-10"
"794","404","off","1","2021-01-19"
"389","1054","off","1","2020-10-01"
"617","1147","off","1","2020-09-09"
"132","462","off","1","2019-05-13"
"351","716","off","1","2019-02-11"
"134","948","off","1","2021-05-11"
"947","312","off","1","2019-12-24"
"9","281","off","2","2021-05-19"
"153","368","off","1","2020-04-09"
"405","474","off","1","2020-09-14"
"803","1024","off","1","2021-03-18"
"969","1025","off","1","2020-06-01"
"46","111","off","1","2021-04-26"
"185","779","off","1","2020-08-01"
"566","473","off","1","2021-04-29"
"898","62","off","1","2020-11-01"
"78","504","off","2","2020-12-24"
"536","968","off","1","2020-10-17"
"549","449","off","1","2021-05-17"
"730","544","off","1","2020-12-07"
"358","1065","off","1","2021-04-11"
"315","251","off","2","2020-08-19"
"47","878","off","1","2021-06-10"
"299","74","off","1","2019-01-21"
"376","804","off","1","2018-10-21"
"71","136","off","2","2020-11-26"
"514","299","off","1","2021-01-13"
"271","1073","off","1","2021-05-02"
"223","248","off","3","2020-12-26"
"677","796","off","2","2020-09-30"
"328","687","off","1","2020-06-23"
"925","560","off","1","2021-04-16"
"54","703","off","1","2020-05-31"
"802","612","off","1","2020-12-21"
"145","1136","off","1","2020-04-20"
"471","65","off","3","2019-12-27"
"983","411","off","1","2021-02-03"
"599","168","off","1","2021-06-13"
"554","789","off","1","2019-03-16"
"274","680","off","1","2019-10-19"
"225","1163","off","1","2020-07-13"
"303","1074","off","1","2021-02-27"
"899","893","off","1","2019-02-05"
"65","754","off","1","2021-05-04"
"675","11","off","1","2020-07-16"
"620","188","on","1","2019-10-17"
"941","1154","off","1","2021-02-03"
"400","176","off","2","2020-07-26"
"744","356","off","1","2020-03-08"
"281","630","off","2","2020-12-19"
"354","315","off","1","2020-11-18"
"506","778","off","1","2020-01-20"
"77","32","off","1","2019-03-22"
"909","209","off","2","2020-06-05"
"137","793","off","2","2020-01-30"
"118","61","off","1","2021-04-23"
"124","233","off","2","2021-01-21"
"835","880","off","2","2021-04-22"
"272","610","off","1","2021-02-10"
"428","266","off","1","2021-02-08"
"364","777","off","1","2018-05-29"
"371","698","off","1","2020-06-29"
"955","332","off","1","2021-06-01"
"984","704","off","2","2020-03-26"
"702","688","off","1","2021-02-24"
"535","352","off","2","2018-08-11"
"45","636","off","1","2021-03-10"
"52","214","on","1","2020-11-12"
"303","354","off","2","2019-05-17"
"29","816","off","3","2020-05-31"
"55","814","off","1","2020-05-11"
"450","990","off","2","2020-05-05"
"54","842","off","1","2020-04-27"
"217","476","off","3","2020-12-12"
"308","1117","off","1","2019-06-04"
"479","584","off","3","2021-02-26"
"246","358","off","1","2020-06-27"
"838","297","off","2","2021-06-06"
"453","13","off","1","2020-04-23"
"568","650","off","3","2020-11-27"
"145","898","off","2","2021-05-05"
"61","962","off","2","2021-01-30"
"997","80","off","1","2019-07-11"
"110","289","off","1","2019-12-25"
"928","156","off","1","2019-09-30"
"100","1006","off","1","2020-03-27"
"744","394","off","1","2021-05-20"
"587","850","off","1","2018-07-30"
"165","876","off","1","2020-11-15"
"762","1043","off","1","2020-07-11"
"706","925","off","1","2020-01-04"
"647","328","off","1","2021-05-09"
"79","1165","off","1","2020-08-24"
"35","1114","off","1","2021-04-08"
"184","577","off","2","2021-01-25"
"707","654","off","1","2021-05-03"
"699","737","off","1","2021-03-28"
"607","832","off","1","2019-07-07"
"932","152","off","2","2020-11-19"
"369","987","off","1","2019-12-21"
"642","1119","off","1","2020-08-25"
"862","337","off","1","2020-09-08"
"81","1100","off","1","2021-01-19"
"653","107","off","1","2021-01-26"
"754","606","off","1","2020-11-13"
"64","980","off","1","2020-09-01"
"484","927","off","1","2020-11-24"
"478","523","off","1","2020-03-22"
"143","1025","off","2","2021-05-26"
"463","1026","off","3","2020-07-20"
"841","94","off","1","2020-12-25"
"740","946","off","1","2020-09-11"
"170","826","off","1","2020-11-27"
"812","104","off","1","2018-07-26"
"582","287","off","2","2020-04-28"
"562","1119","off","1","2021-05-12"
"359","1130","off","2","2021-06-07"
"654","541","off","1","2021-03-20"
"114","991","off","1","2020-12-12"
"880","413","off","1","2021-04-20"
"645","1004","off","1","2019-09-07"
"919","816","off","1","2020-01-08"
"540","685","off","2","2021-02-20"
"851","933","off","1","2021-04-29"
"935","1178","off","1","2019-11-13"
"962","200","off","1","2020-06-28"
"866","363","off","1","2021-06-01"
"410","1080","off","1","2020-04-30"
"592","1134","off","1","2021-06-07"
"466","842","off","1","2020-08-16"
"914","460","off","1","2021-05-12"
"239","263","off","1","2019-04-09"
"671","912","off","3","2021-02-19"
"720","1179","off","1","2020-12-10"
"818","791","off","2","2021-04-05"
"672","102","off","1","2020-06-07"
"519","544","off","1","2019-05-28"
"598","782","off","2","2020-11-07"
"538","99","off","1","2021-03-05"
"101","17","off","2","2018-08-18"
"458","1076","off","1","2019-11-15"
"2","949","off","1","2021-06-04"
"919","927","off","1","2021-02-01"
"670","707","off","1","2020-08-15"
"623","1079","off","2","2021-03-23"
"96","875","off","1","2021-03-17"
"6","64","off","1","2018-04-14"
"978","800","off","1","2019-11-08"
"465","1147","off","3","2020-09-24"
"734","872","off","1","2020-12-27"
"826","604","off","1","2020-10-17"
"938","953","off","1","2020-12-03"
"355","487","off","3","2021-04-26"
"268","619","off","1","2020-11-13"
"492","567","off","1","2020-05-29"
"797","221","off","2","2020-11-11"
"31","1020","off","1","2019-10-20"
"87","1039","off","1","2020-11-10"
"270","945","off","1","2021-03-01"
"63","511","off","2","2021-02-05"
"979","297","off","1","2021-05-05"
"850","983","off","1","2020-11-11"
"41","631","off","1","2020-04-27"
"27","616","off","1","2019-08-07"
"488","977","off","2","2020-11-27"
"76","768","off","1","2021-01-31"
"440","238","on","1","2021-03-27"
"729","375","off","1","2020-07-02"
"237","503","off","1","2018-11-28"
"836","151","off","1","2021-02-25"
"832","685","off","3","2020-03-28"
"708","730","off","1","2021-04-05"
"804","9","off","2","2020-08-30"
"859","983","off","1","2021-03-19"
"311","643","off","1","2020-08-24"
"598","156","off","1","2019-06-04"
"168","279","off","2","2018-03-27"
"230","392","off","1","2019-02-12"
"934","457","off","1","2020-12-12"
"776","355","off","1","2019-11-12"
"603","135","off","1","2020-12-19"
"647","729","off","1","2021-05-30"
"286","916","off","2","2019-11-13"
"483","940","off","1","2021-03-05"
"91","198","off","1","2018-04-12"
"618","1102","off","1","2020-02-19"
"577","257","off","1","2020-11-21"
"69","733","off","1","2020-10-11"
"860","319","off","1","2020-11-30"
"786","741","off","1","2020-11-27"
"666","1029","off","1","2021-04-12"
"390","404","off","1","2021-01-22"
"43","55","off","2","2020-10-19"
"115","962","off","1","2020-09-24"
"427","707","off","1","2020-02-21"
"726","245","off","1","2020-07-28"
"928","1082","off","1","2021-01-01"
"737","528","off","3","2021-03-06"
"26","231","off","3","2021-04-26"
"409","1193","off","2","2019-08-25"
"512","735","off","1","2020-09-08"
"876","1023","off","1","2021-05-26"
"328","946","off","1","2018-09-18"
"229","77","off","1","2021-03-08"
"813","645","off","1","2019-10-06"
"768","361","off","2","2021-05-09"
"983","568","off","1","2020-12-13"
"411","556","off","3","2021-05-29"
"18","479","off","1","2020-06-30"
"408","555","off","1","2020-04-15"
"671","802","off","2","2021-02-21"
"724","474","off","2","2018-10-14"
"40","411","off","1","2020-06-23"
"485","344","off","1","2020-04-23"
"283","370","off","2","2018-12-30"
"128","849","off","1","2018-10-10"
"20","326","off","2","2019-10-05"
"958","232","off","1","2019-11-30"
"291","614","off","1","2019-10-22"
"822","251","off","1","2020-07-21"
"101","939","off","1","2018-09-03"
"271","552","off","2","2020-07-11"
"150","428","off","1","2020-11-23"
"5","38","off","1","2021-06-12"
"638","821","off","1","2020-08-11"
"602","394","off","1","2021-05-18"
"730","1062","off","1","2020-05-08"
"680","711","off","3","2020-03-10"
"593","789","off","3","2019-04-23"
"281","320","off","2","2019-11-28"
"46","806","off","1","2021-03-17"
"872","459","off","2","2019-12-06"
"225","435","off","2","2020-02-24"
"382","654","off","1","2021-05-17"
"85","344","off","1","2020-05-17"
"96","898","off","1","2019-11-26"
"570","1192","off","1","2021-05-30"
"366","1111","off","2","2019-12-11"
"363","204","off","1","2018-11-16"
"260","516","off","1","2020-07-30"
"310","446","off","2","2019-02-05"
"148","950","off","1","2020-10-10"
"805","660","off","1","2021-04-22"
"769","1146","off","1","2021-04-11"
"256","881","off","1","2021-05-15"
"519","605","off","1","2019-12-27"
"217","722","off","2","2020-09-28"
"474","1184","off","1","2020-09-11"
"335","1184","off","2","2018-08-31"
"195","475","off","1","2021-04-08"
"997","30","off","1","2020-10-13"
"950","465","on","1","2021-05-27"
"655","77","off","2","2021-04-13"
"944","1016","off","1","2020-03-10"
"973","972","off","1","2019-06-20"
"232","770","off","1","2021-05-17"
"767","550","off","1","2021-05-01"
"833","101","off","1","2021-01-30"
"161","288","off","1","2021-05-30"
"285","496","off","1","2020-05-21"
"481","910","on","1","2021-06-07"
"196","545","off","1","2020-11-25"
"564","725","off","3","2018-10-19"
"390","572","off","1","2021-05-28"
"316","447","off","1","2019-11-12"
"695","669","off","1","2019-06-04"
"899","797","off","1","2021-05-25"
"580","1042","off","2","2018-11-07"
"666","887","off","1","2021-01-07"
"803","942","off","1","2019-09-27"
"675","447","off","1","2021-03-24"
"941","409","off","3","2021-03-16"
"272","1057","off","2","2021-06-04"
"235","354","off","1","2019-06-16"
"796","672","off","1","2020-12-27"
"474","373","off","1","2020-01-29"
"952","733","off","1","2020-05-27"
"409","1166","off","1","2021-04-29"
"377","457","off","1","2021-05-29"
"368","577","off","2","2020-02-05"
"254","22","off","1","2020-01-31"
"661","186","off","1","2020-07-14"
"883","67","off","1","2020-12-07"
"137","354","off","1","2020-07-05"
"363","319","off","3","2020-03-30"
"707","691","off","2","2019-10-28"
"683","279","off","1","2020-03-09"
"854","807","off","1","2020-09-24"
"871","1148","off","1","2019-07-03"
"345","175","off","3","2021-02-23"
"290","136","off","2","2019-04-17"
"2","708","off","1","2021-02-10"
"805","798","off","1","2020-04-22"
"604","81","off","1","2019-10-11"
"876","639","off","1","2021-03-19"
"530","1132","off","1","2021-04-25"
"187","1107","off","1","2021-03-09"
"452","291","off","1","2019-07-30"
"124","473","off","1","2020-01-27"
"135","320","off","1","2020-02-16"
"703","849","off","2","2020-01-10"
"303","534","off","2","2021-05-03"
"786","262","off","2","2018-11-29"
"404","510","off","1","2021-03-13"
"285","498","off","3","2020-08-24"
"312","171","off","1","2020-10-13"
"294","611","off","1","2020-08-04"
"270","904","off","2","2019-12-20"
"678","1137","off","1","2021-01-03"
"385","167","off","1","2020-08-18"
"17","809","off","1","2019-02-17"
"563","878","off","3","2020-05-27"
"920","444","off","1","2021-04-08"
"13","1037","off","1","2019-01-07"
"193","393","off","2","2021-05-28"
"922","1161","off","1","2019-12-07"
"449","334","off","2","2021-05-25"
"285","706","off","2","2021-06-14"
"18","795","off","1","2021-01-07"
"286","909","off","1","2021-05-10"
"507","839","off","1","2019-05-30"
"78","668","off","2","2020-08-19"
"460","333","off","3","2021-05-16"
"13","378","off","2","2020-10-23"
"790","35","off","1","2020-06-19"
"188","118","off","1","2019-02-13"
"301","1","off","1","2020-08-30"
"451","958","off","1","2020-08-27"
"674","537","off","1","2020-02-17"
"354","408","off","3","2021-03-13"
"530","657","off","1","2020-06-04"
"242","1123","off","1","2020-07-29"
"429","910","on","1","2019-05-02"
"188","895","off","2","2019-03-23"
"968","1118","off","1","2021-05-06"
"919","854","off","1","2020-05-08"
"564","734","off","1","2021-01-27"
"472","446","off","1","2019-03-01"
"824","324","off","2","2021-05-07"
"300","726","off","1","2021-02-28"
"375","883","off","1","2019-08-29"
"295","170","off","2","2018-07-24"
"849","483","off","1","2020-11-11"
"802","686","off","1","2020-11-22"
"289","238","off","3","2020-04-19"
"88","326","off","1","2020-09-22"
"488","894","off","1","2019-11-06"
"830","53","off","1","2021-03-05"
"670","507","off","2","2020-05-25"
"356","208","off","1","2020-10-14"
"177","39","off","1","2021-01-14"
"500","672","off","2","2019-07-05"
"639","776","off","2","2021-02-16"
"130","244","off","1","2020-01-04"
"66","500","off","1","2020-10-08"
"195","272","off","1","2019-05-02"
"72","766","off","2","2021-05-18"
"605","243","off","1","2020-05-25"
"73","368","off","1","2020-08-23"
"240","1109","off","1","2020-12-15"
"596","612","off","1","2020-06-28"
"228","942","off","2","2020-07-19"
"652","351","off","1","2020-06-02"
"435","83","off","2","2021-05-27"
"512","12","off","1","2020-08-28"
"612","500","off","1","2020-03-30"
"863","149","off","1","2021-05-10"
"579","863","off","1","2021-02-19"
"219","34","off","2","2021-03-21"
"93","565","off","1","2020-08-20"
"808","1038","off","1","2020-11-23"
"745","173","on","3","2021-05-30"
"327","190","off","1","2019-08-17"
"629","336","off","1","2021-04-18"
"286","461","off","2","2020-10-13"
"342","722","off","1","2021-02-05"
"376","333","off","1","2021-04-15"
"896","421","off","1","2019-12-19"
"874","411","off","1","2019-12-25"
"724","1110","off","1","2020-04-04"
"644","804","off","2","2020-01-11"
"161","304","off","1","2018-10-12"
"679","88","off","1","2019-10-28"
"733","397","off","1","2020-10-03"
"433","213","off","1","2020-11-01"
"410","590","off","1","2021-01-24"
"974","912","off","1","2020-11-23"
"426","390","off","2","2021-02-11"
"220","96","off","3","2021-04-02"
"534","383","off","2","2020-11-19"
"763","918","off","1","2021-03-15"
"544","181","off","1","2020-09-07"
"290","17","off","1","2021-03-27"
"630","966","off","1","2021-04-28"
"932","4","off","1","2020-08-02"
"953","661","off","2","2019-08-31"
"12","1163","off","1","2021-04-08"
"908","886","off","1","2021-03-24"
"404","654","off","3","2021-05-24"
"473","447","off","2","2020-12-29"
"956","826","off","1","2019-07-27"
"791","681","off","1","2021-01-19"
"530","848","off","1","2019-07-18"
"575","156","off","2","2019-06-26"
"623","431","off","1","2020-12-30"
"667","1013","off","1","2020-06-01"
"714","663","off","1","2019-10-07"
"255","641","off","1","2021-01-21"
"121","1032","off","1","2021-01-14"
"390","970","on","1","2020-02-14"
"102","1167","off","1","2020-06-04"
"938","528","off","2","2020-12-15"
"280","420","off","3","2020-04-12"
"87","49","off","1","2021-02-03"
"25","203","off","1","2020-12-27"
"518","857","off","3","2020-08-09"
"645","645","off","1","2019-10-10"
"384","393","off","1","2021-06-06"
"884","715","off","2","2021-01-21"
"604","337","off","1","2021-05-26"
"492","412","off","1","2020-07-09"
"6","263","off","2","2019-12-13"
"723","914","off","2","2021-03-31"
"13","747","off","1","2020-03-01"
"209","1123","off","1","2019-12-26"
"627","475","off","2","2020-12-19"
"289","1013","off","1","2020-10-15"
"495","653","off","1","2021-06-11"
"738","178","off","1","2021-03-06"
"236","438","off","1","2020-06-30"
"175","270","off","1","2019-03-14"
"559","770","off","1","2021-05-21"
"890","221","off","1","2020-04-22"
"222","260","off","1","2020-04-02"
"873","956","off","1","2021-03-20"
"960","190","off","1","2020-01-15"
"821","1152","off","2","2020-11-05"
"844","177","off","1","2021-02-27"
"815","1084","off","2","2021-03-13"
"624","747","off","1","2021-06-12"
"947","527","off","1","2021-04-06"
"884","576","off","2","2018-09-03"
"517","791","off","1","2021-05-04"
"396","4","off","1","2019-07-30"
"421","1043","off","1","2021-06-09"
"942","136","off","1","2020-07-01"
"131","780","off","2","2019-05-03"
"394","727","off","1","2021-05-24"
"420","944","off","1","2020-07-16"
"360","1026","off","3","2020-03-22"
"928","1072","off","1","2020-12-29"
"41","144","off","2","2019-11-03"
"693","1085","off","2","2021-06-01"
"520","753","off","1","2021-01-08"
"533","297","off","1","2021-04-24"
"538","728","off","1","2020-05-03"
"70","340","off","1","2020-04-18"
"870","760","off","2","2020-11-08"
"358","543","off","1","2020-09-06"
"125","1056","off","2","2020-03-16"
"486","621","off","1","2020-12-02"
"175","425","on","1","2018-08-18"
"219","845","off","1","2019-07-15"
"192","273","off","1","2019-07-22"
"632","1137","off","1","2021-02-06"
"16","661","off","1","2018-11-02"
"921","892","off","1","2021-06-07"
"360","974","off","1","2020-07-21"
"207","613","off","1","2021-04-14"
"632","400","off","1","2021-05-15"
"864","874","off","1","2021-05-22"
"281","159","off","2","2021-05-09"
"818","3","off","1","2021-01-09"
"280","352","off","1","2018-05-08"
"245","1152","off","3","2020-03-14"
"665","672","off","1","2018-11-02"
"798","764","off","3","2021-02-18"
"800","11","off","2","2020-01-13"
"518","512","off","1","2020-11-24"
"151","173","off","2","2021-04-25"
"243","1141","off","2","2021-02-23"
"125","702","off","1","2020-11-19"
"840","2","off","3","2021-04-12"
"907","575","off","1","2021-01-09"
"983","445","off","2","2019-11-03"
"100","430","on","1","2021-05-05"
"61","892","off","2","2021-03-04"
"863","1185","off","1","2018-12-12"
"950","392","off","1","2018-04-18"
"658","1141","off","1","2021-03-20"
"197","87","off","1","2021-06-12"
