"buy_id","option_id","service_id"
"29","2","52"
"29","4","52"
"45","3","476"
"55","2","330"
"55","1","330"
"55","3","330"
"80","3","842"
"80","4","842"
"80","1","842"
"80","2","842"
"85","4","137"
"85","3","137"
"85","2","137"
"109","3","1094"
"109","1","1094"
"109","2","1094"
"123","3","17"
"123","5","17"
"123","2","17"
"123","4","17"
"126","2","201"
"126","1","201"
"170","7","504"
"170","3","504"
"170","5","504"
"170","4","504"
"181","1","47"
"181","3","47"
"181","5","47"
"181","4","47"
"204","3","1001"
"204","4","1001"
"225","2","391"
"229","1","167"
"236","2","331"
"240","3","1088"
"286","2","58"
"286","3","58"
"286","4","58"
"297","1","897"
"299","2","417"
"299","4","417"
"299","3","417"
"299","1","417"
"299","5","417"
"308","3","54"
"308","2","54"
"308","4","54"
"308","5","54"
"319","1","468"
"320","3","1011"
"359","2","465"
"369","3","278"
"369","2","278"
"369","5","278"
"369","4","278"
"369","1","278"
"371","2","982"
"396","2","225"
"396","1","225"
"424","2","293"
"424","1","293"
"436","3","535"
"436","1","535"
"436","2","535"
"442","1","227"
"442","2","227"
"443","1","538"
"443","2","538"
"445","4","104"
"448","2","370"
"450","3","692"
"450","5","692"
"450","1","692"
"465","4","957"
"465","5","957"
"474","4","783"
"474","2","783"
"474","3","783"
"479","2","1095"
"517","1","368"
"525","6","504"
"545","3","411"
"545","2","411"
"553","1","11"
"553","5","11"
"553","3","11"
"566","2","880"
"566","4","880"
"566","1","880"
"566","3","880"
"587","1","13"
"587","2","13"
"607","5","152"
"607","4","152"
"607","3","152"
"619","3","94"
"674","1","768"
"674","3","768"
"677","4","503"
"677","7","503"
"677","6","503"
"677","1","503"
"677","5","503"
"706","1","528"
"710","6","1023"
"710","3","1023"
"710","4","1023"
"710","1","1023"
"721","2","411"
"721","1","411"
"757","4","1184"
"768","5","496"
"768","2","496"
"768","3","496"
"818","5","167"
"818","2","167"
"818","1","167"
"818","4","167"
"818","3","167"
"821","3","444"
"826","5","706"
"826","4","706"
"826","1","706"
"826","3","706"
"831","1","333"
"831","3","333"
"868","1","1109"
"879","3","1038"
"879","1","1038"
"901","1","17"
"901","5","17"
"901","3","17"
"901","4","17"
"928","1","337"
"928","2","337"
"951","1","791"
"980","1","159"
"980","2","159"
"986","3","11"
"986","4","11"
"986","5","11"
"986","2","11"
"987","4","512"
"987","1","512"
"987","6","512"
